user_id,crop_id,rating,state,soil_quality,rainfall,yield
39,1,5,State2,1.4473952495864468,97.8329737705031,1333.412487228435
29,6,5,State4,0.8373401410170235,85.79430013239207,1024.3014593681485
15,6,1,State4,1.2249811699240525,102.21311367797993,1101.4908676573082
43,16,2,State1,1.038813009039619,101.1548262958734,1167.1508027715001
8,4,4,State4,0.5606289260664682,115.2785995477906,1026.8081772466048
21,11,2,State1,1.1899997373089435,104.3671646235406,1048.1265488050308
39,9,2,State3,1.1900965582378435,93.75772216207828,782.6749646092585
19,3,1,State3,1.430606804846537,106.16273806649025,820.776994312683
23,19,1,State4,0.9973124461689724,84.5470897015309,810.4370489743106
11,8,1,State4,0.7302509207105147,99.42788967963524,1121.091683364107
11,5,1,State2,0.5445638234486792,104.79101850393371,1014.178130564413
24,4,5,State4,0.9156421866859057,101.9397639722519,820.7936872468824
36,6,1,State2,0.8019167000775018,106.22597642403976,1116.0197683270414
40,2,5,State3,1.2610883060238756,90.33930976430813,1108.6912921908213
24,20,5,State3,0.8542677648410466,117.28047104214274,861.006801740127
3,11,1,State1,1.449071196314844,127.3325342409356,994.4344910741453
22,4,3,State3,1.4623102029877844,75.95985782712108,1109.4283350120954
2,15,4,State2,1.120908590217708,81.76603006068628,828.3289291761153
24,6,2,State4,1.4286602870148828,100.64624512036578,1113.24535297919
44,17,5,State1,1.2608543445144957,96.15173529170688,1060.2047208327124
30,6,4,State2,1.0468596409751263,128.44618608659172,800.1600588997948
38,19,3,State4,0.6803079354227781,103.29676485136692,1043.9593469996205
2,2,2,State1,0.95859794351384,120.88817880588937,1073.129717331181
21,15,2,State3,1.0608744633626177,69.263141703196,874.7997747722402
33,11,5,State2,1.36396158073501,112.21254224998528,890.5432700267581
12,8,1,State4,0.9813333765356649,89.26724771112518,798.3160138137621
22,19,3,State1,1.3976746726779568,89.02686145570514,910.2002061752212
44,13,5,State1,1.174348979023469,96.27462960381814,997.5835979125704
25,12,3,State3,0.6369990630536714,78.63124540403362,891.0955682611359
49,5,1,State4,1.4949813693250928,106.64178287982779,703.0224203512225
27,6,1,State3,1.0272326607539126,102.86072450075193,862.2823950726746
42,4,5,State3,0.8918582964090789,103.99288372280905,916.5415786375995
28,19,1,State4,1.1591137644695264,113.30546533199359,1163.3677419264504
16,20,4,State4,0.6088933139810391,122.7217306929123,1118.9529829553862
15,1,2,State4,1.1365386467533543,94.54433426368679,1167.2442157750004
47,20,5,State2,0.998236000499273,107.1602595960471,852.1962206002064
44,17,3,State4,0.9066740699985831,104.39482312502469,1028.3101558158687
3,12,4,State1,1.453020021178899,105.66421759493409,515.3907001996932
37,15,5,State3,1.0225397167320533,105.88896496698975,1085.7840796361977
7,1,1,State2,0.7191174794699384,123.85755016847259,1122.1795347801594
21,14,1,State4,0.9589634793772986,93.1048469726606,929.6749664278152
9,6,1,State2,1.4193874045726727,77.11396145194476,1059.0859623443564
39,5,1,State4,0.6760954713305947,89.53189347076169,697.0151449259895
18,11,3,State2,0.7139570386882369,111.35900400303107,839.7866019200352
4,4,4,State3,0.5130295677570837,100.34994262970766,1153.0898476864552
25,13,2,State3,0.5141900493957672,92.98600989257505,1102.2506557079148
14,11,3,State1,1.3293916269585124,83.85254097385537,917.6290977910464
50,3,3,State1,1.2321226068429558,103.31929182595799,1162.2724634809422
9,1,2,State4,0.8550410564519583,109.66759412910713,1027.659623359982
26,6,2,State3,1.1983111572275726,104.58808082644042,899.1558072155681
2,18,1,State2,0.8952059263099702,96.2000450326758,963.4345378793413
20,10,3,State2,1.4528967959978276,102.19961926446193,908.9164617376929
28,5,5,State2,1.467052681426035,102.11264449836123,763.2448098362944
47,10,2,State1,0.8927937758093434,102.84545396826493,1251.3371611804203
7,12,2,State2,1.354221906340868,82.2354257347132,886.3951133414818
44,2,4,State1,1.273089041697466,102.95989525922317,833.5278571406177
8,13,5,State1,0.8099999371717893,93.39105297300708,694.1303358973282
47,8,5,State4,0.732039828901106,115.60927909014639,472.80642648217463
35,2,2,State2,0.9582346503928338,101.99377962625411,1140.2993736237975
14,20,1,State2,1.2813488406144062,112.53218832734338,1158.7217374072425
17,1,4,State3,1.4601677847287453,95.47327919425372,1238.6077169189416
36,5,5,State4,1.2635790688665725,96.01429243582812,970.1921367659636
50,9,2,State3,1.35520698501837,122.41376869384499,935.601494541281
40,17,5,State4,1.1030643061705165,106.54502782623263,898.4553773393718
4,9,4,State2,1.3354078308421258,89.28228201391391,916.6884740323594
2,11,4,State1,1.2844208580034175,113.45461657930711,1223.9580701480375
6,15,3,State1,0.8769855419262801,92.00042899858194,994.6969502542083
42,6,2,State1,1.051990302120721,103.38547206717284,1075.6141592002805
4,3,4,State1,1.3047531219896948,127.55011946289108,911.5986336079193
29,17,3,State1,0.5460567341899564,78.53076418542918,1264.1695812441415
18,5,3,State3,1.30807928235583,97.36327117350196,619.0522241130521
26,12,5,State4,0.6778881240490234,106.12407461353045,755.8951650563909
44,18,5,State2,1.014683617121439,111.47047501997011,1075.9421048469117
34,14,3,State3,1.3082754395559375,81.38149138958691,1350.1221502461872
10,11,5,State4,0.7538210781566949,76.96314597137473,954.979960048246
36,9,4,State1,0.745807439306153,116.36124027985639,831.5258388545312
14,2,1,State4,0.9027643984622519,89.19377714794244,1200.1325410316688
31,12,4,State4,1.3946427975776345,88.56576238004027,1064.73968840298
48,3,3,State1,0.5004427814372079,123.2537450915825,1258.042762398849
15,3,3,State1,1.401383096641935,101.04553472097734,741.9297830511316
8,1,4,State1,0.6538070246416078,101.14357341522361,1242.3336972021852
14,8,5,State2,1.490086376067482,97.30300832272701,690.3085086463457
23,8,5,State1,1.4548469930384682,81.64026899885245,942.3655707690266
40,11,3,State2,0.9946751895912833,110.13545424091582,1082.5565505647853
21,9,2,State1,1.012720247812628,106.14175782888435,1037.2026756398188
16,5,5,State2,0.9815493402758543,102.53036988009148,1212.1184671964734
45,14,4,State4,1.1354436456595227,98.25515441085614,634.6679965981552
18,3,5,State3,0.590721702234931,95.6152052599257,1028.2014959398073
47,5,4,State4,0.5326179483415665,113.68725084321122,1239.9284065567895
24,5,3,State4,0.5577029284158989,97.88060405190858,1011.8588454144193
26,19,5,State1,0.9443653492415144,99.03908442199166,771.5320640466596
25,14,4,State2,0.7755479392194834,107.9483973232566,1201.5014789653305
45,4,3,State3,1.1220395623709938,103.11941396020579,870.3379459712609
41,13,2,State1,1.4924422893747789,124.63414086310658,835.1353975874243
29,10,4,State1,0.8863231730764659,73.57949833790043,809.9728494232986
15,18,2,State1,1.0738412541045133,104.49861157550895,960.2629774102074
45,8,2,State4,0.9156038959073355,89.41591329291747,1036.6120440745742
1,8,1,State2,1.3472716677218592,85.86870197867606,746.1799890593841
25,7,5,State2,1.402236403462238,93.14403690933479,787.2708246540112
7,8,4,State3,1.37735561220526,100.82019112722642,861.1034248275564
9,14,2,State2,1.4743722386792575,101.48603613885115,809.0022704226719
24,19,1,State2,0.5275191851404153,77.24040676482261,1007.351645309886
1,6,3,State1,1.3398161621455311,91.88374255483271,1072.2443192801761
44,1,4,State1,1.2517721730390932,104.21832327214689,1044.7747620533187
8,15,2,State4,0.7286944094003648,86.84604323824519,1045.0663777495606
24,1,5,State1,1.4563200933875275,83.27824142925226,1334.1983430577222
11,17,1,State1,0.6481779282299455,66.15801538760584,1084.736719925431
17,1,2,State1,1.1795499271339085,90.05209827436963,1156.7928495778494
8,15,5,State1,0.7248902168159125,82.7555620157378,917.0768500446054
35,2,2,State4,0.9313806487740747,85.24100675334913,1188.8012285322982
35,14,4,State1,1.219159896944569,95.92269545080521,907.5294952413356
33,8,4,State3,1.0633246420330467,91.00256685185653,1082.289665517718
5,8,4,State3,0.9275018313281117,82.5064315921104,725.7266263635236
42,19,1,State3,0.8263384309319872,68.2623765215016,1033.2468263976243
39,7,4,State3,1.3396596557087903,104.53466957721464,804.9239529661324
41,19,5,State1,0.6438143503148137,111.2924082071271,1187.2071308967816
28,6,2,State3,0.9301028765298001,94.0488253150844,1175.175292399757
7,6,3,State1,1.403757571775142,96.01336455318584,906.6745224881814
9,3,5,State4,1.3458495504599677,100.04215773529185,1409.9149857249079
8,7,5,State3,0.9009417624730467,123.68175364918378,942.824340761305
12,19,4,State2,1.2631083636013083,76.48438309261343,677.5962198654945
34,8,1,State3,1.3231608307088591,93.78265411191146,844.176405927464
33,10,2,State3,1.3888874240036297,74.1704055380092,791.1717955284298
48,20,1,State1,1.0445057690492279,105.43477688103339,1075.9204203572508
23,15,2,State3,0.7044608860547118,97.84062409317983,752.9273946655095
24,15,2,State2,0.7553090765039316,103.04488169404117,892.1571968387509
37,1,1,State1,0.7956946740416042,102.29683843886615,1062.910434107354
35,20,5,State1,1.0938024808096154,114.86062380555273,1027.7291789423605
44,7,2,State4,0.5328096241286084,108.07199446852698,997.4712375316441
40,4,1,State4,1.1360424687799684,112.45761936490132,1025.2001038088135
22,6,2,State3,0.864354238428232,84.01697965154584,925.8999804984691
27,1,3,State4,0.7952418024896422,117.89756297462716,679.2495888667339
35,5,5,State4,1.3794965707281264,89.16455890766501,920.632355851071
1,1,4,State4,0.9600023955807989,90.0269568606403,1093.7499568630572
35,4,2,State1,0.5950530455326928,104.06263866029492,972.6130022781191
37,2,3,State1,1.326746768026247,104.52877394573915,1078.2976746261002
47,10,4,State1,0.5476412574365066,83.92214796651282,882.6433940981029
14,5,4,State4,1.2267492241681968,97.40081062339155,1198.8672159755856
3,10,2,State1,1.2739062217706651,122.32352975304214,488.7364265057332
1,1,1,State4,0.8526026059288582,77.97495157698857,1028.288102584671
5,6,2,State1,1.3247878562777866,122.27828861519089,1269.7760694242556
26,13,3,State1,1.0156594058564534,96.37452322875265,1299.5397032082926
14,15,4,State2,0.9632936532727968,64.9336774984727,953.6347661515049
39,4,2,State3,0.5454032814686925,79.49902399775641,734.7603688714232
27,13,1,State4,0.7900291936489059,85.54783693397209,1273.2945684686717
9,20,2,State2,1.4310099708852997,90.64106048825886,989.6269666388879
15,15,5,State1,0.8918239632835,98.42930112061993,968.2060921460238
15,8,1,State4,1.0467005205567683,59.44779805357642,821.4290718244539
26,5,3,State1,1.0320216789842518,102.8020658871648,750.0225038283486
42,15,4,State3,1.0904310898226934,84.17364237512673,1112.7726337848708
13,4,2,State2,0.5613309556432826,120.85783857401589,1133.9742909517322
32,12,1,State3,0.8621762547987283,95.94734918884038,1040.3088003598843
39,13,5,State2,1.2231282738825542,114.14269257599095,847.1908436812314
49,2,1,State1,0.7005602510729829,116.6552346987144,787.00023497817
32,19,5,State3,0.7035783775463604,116.24909865199325,713.5502689560215
4,19,3,State3,0.5100906066890247,91.50389885556271,887.8909647844054
30,4,4,State1,0.9374819266082097,91.31199763418014,798.8292870502072
37,4,3,State3,1.382734380673422,96.62540051067528,658.1380609417909
23,11,2,State4,0.551900943587309,109.54356063068388,1130.2690024706096
39,5,1,State2,0.6911187094960026,92.33957095368756,736.1872277030066
45,20,5,State2,0.8100845383427551,98.21106289614629,1196.7845362861467
15,11,5,State2,1.231724736564213,104.10390724509175,1078.8143420226927
43,10,1,State4,1.1406355928025866,86.426621109282,1058.86823752368
29,8,1,State2,0.915943904581855,85.47837567506323,1333.0618092120183
36,6,2,State1,1.2590689392583756,97.62604177894015,742.8394731870951
13,6,3,State3,1.109631011656902,99.61268222427462,1174.7543992097592
32,8,5,State4,1.396040799657219,106.50828220002465,940.4714853957141
7,15,2,State2,1.318026749138693,110.07829862427334,1514.214031325908
22,14,3,State1,0.7528136060892006,83.51405769142528,923.8411137721581
28,11,2,State3,0.7714385776342002,87.81872602084653,891.5383327748764
2,12,5,State3,0.6253564757923856,85.43871568655346,1085.1071549714532
42,13,1,State4,0.8369647257174565,121.18671102387133,958.2182935582721
45,8,1,State4,1.4995439187190942,98.19594114696197,848.3074075400261
6,18,3,State4,0.905751168615061,100.24193942867531,805.9446432128325
28,1,4,State1,0.7204884346891064,100.8666154602027,1291.6408976774806
28,15,3,State1,1.2624828844755531,89.2649497942354,767.3076736200017
44,8,4,State4,1.042471003462656,123.46404278419045,1044.6175120761
44,11,2,State2,0.6496014495269525,106.16539982228092,1211.2368279252191
20,12,2,State3,0.8806896811608658,100.59385794666923,1220.8989970885266
30,12,5,State3,0.9144697155393433,83.4211536827415,879.669519563712
11,4,4,State1,1.2538297005692187,82.57101262515633,958.7630398748474
28,16,5,State3,0.5206713688919045,95.36638702591347,919.9612997971254
25,4,1,State2,0.7690196467983105,89.50012309642256,692.996247466825
39,5,4,State3,1.017596301315522,83.98833481680172,1107.503476604023
33,5,3,State1,0.7688467424528433,94.43562970642667,1007.7007291269617
1,8,1,State1,1.1284340474189989,96.75357957586166,1288.1170161203759
27,10,1,State2,0.9818674792746166,102.12678130690405,835.3589805397154
13,17,3,State2,0.8617102548595806,92.44120792938605,1217.7393117235392
41,9,1,State3,1.4492086268705122,84.88598958009953,1231.8468300568409
3,19,4,State3,1.1321594991864574,85.4061867101313,1009.4143373615775
39,14,5,State1,0.6299413722679412,118.19459093839282,565.8276858332662
6,8,1,State2,1.0600916974433954,81.22363470457387,897.486468511142
8,9,4,State2,1.2807318532009009,105.44773447436906,1357.1742248608234
27,11,2,State2,1.2084896974927974,107.79319494661594,1059.411154298382
9,1,4,State3,0.6720892292952594,98.18086786246496,1138.6799411743773
37,14,5,State2,1.4724199990401035,126.51743587607768,982.1666836730063
33,5,4,State1,0.948813645746606,107.52578489541548,955.3114180273743
42,14,3,State1,0.6590250037402613,127.64354572456976,626.5310862600987
44,4,5,State3,0.6801957541281479,90.23403997127691,1158.9478434110615
24,1,2,State4,0.5982349921890805,90.49081885159872,1215.9362409444752
15,19,3,State3,1.3035181084349343,107.91305738020023,809.8275429066623
32,8,4,State4,0.6220304943218486,96.07801544021196,964.2289756983386
32,15,5,State2,0.6251252571417469,125.28498137338026,937.2517445291419
24,15,2,State3,1.3504716147608375,105.12550575446406,1084.0306587972573
41,9,3,State1,0.8446040844475596,84.33138670214926,891.127283698181
49,9,2,State2,0.5308579043080724,73.94775387183961,1186.2681846366004
49,10,4,State1,0.5518952995184109,98.82642111485103,1014.2648632248978
12,20,2,State2,0.6421704467038956,98.6631530570015,490.11538888306046
39,9,1,State3,0.7133933479756895,104.70648884962581,1088.5440550385285
2,3,3,State4,1.1651461942384054,118.16035860633855,1199.270197518157
3,20,2,State2,0.6573262800018282,116.1866995599089,769.5876679470123
49,11,4,State4,0.618874391177072,91.31648451495352,1081.745386994915
37,6,4,State2,1.264719141476279,80.59270897293368,1365.991933950842
49,2,2,State1,1.1710552838599144,81.48818297486395,1022.4132750356478
17,7,4,State1,0.9353242214552362,88.94797442017932,1228.3257728658978
49,18,5,State2,1.0493097714801038,94.49902677941472,911.569005952696
2,2,5,State4,0.8119840203264185,104.5759320844775,996.4071423085687
2,17,5,State3,0.9825004202353607,87.98548604656031,959.0757424147309
28,11,1,State3,1.0066726489827458,104.20587956669972,922.5759147304886
23,12,2,State1,0.8872372711780959,105.43060218788578,970.4555909833848
37,19,1,State3,1.4065722106721628,102.15015823893835,673.8636438151366
32,7,4,State1,0.5160618649810061,83.07065504480957,933.8239731233407
33,20,1,State3,1.282171263091246,107.01740087853938,1267.561291085357
1,6,4,State2,0.6243828312413243,131.21904443150083,807.2619886296334
19,1,4,State1,1.2975473605371994,103.68845240369357,786.7733457053379
2,17,3,State1,1.1159119156767212,55.703873490230954,1012.242474278951
44,11,5,State2,1.3432780909364024,118.61319358070354,1022.2366286714489
26,18,4,State1,0.5975143256408975,89.4587833495092,1075.4929438107972
32,17,3,State3,1.058980634099774,133.98569035743537,977.2522853630722
6,7,5,State3,1.001087880262197,101.74545177048941,1014.3728328916667
32,17,4,State1,1.2061931829633585,74.72948959021261,929.8230452742001
4,20,4,State3,1.0342905518936758,69.02953765061872,744.8407689400071
11,9,1,State4,1.040734567133104,123.09611144013817,985.7216263378698
17,17,1,State1,0.9295959435760647,116.58857478875909,1144.9193992884927
38,20,5,State2,0.8088344240073408,133.39028328650033,1103.010925270467
24,8,4,State4,0.9822643612521922,100.16386728360332,651.1515746121426
5,17,2,State1,0.6184923587684006,99.15205174930479,1050.3850726618166
34,7,1,State2,1.4615133389830848,94.25921811762164,821.4460948285662
6,1,5,State3,1.2144107636265984,90.1256463811117,1278.4328010442764
22,13,4,State2,1.452467116687847,94.11355668313277,1065.253956585676
11,19,4,State4,0.7267273823299633,103.26194998486044,1179.2567920261213
48,19,2,State3,1.3793410201765282,87.34148819631847,1004.233628882972
16,17,5,State1,1.3087899845635385,74.96065979689024,986.7890002205046
33,13,4,State3,1.1771524124576738,102.39814951021266,1299.1689835306493
9,16,1,State1,1.1250291860852057,87.00706601959853,1194.5548793250032
6,8,2,State1,0.81654966526787,51.408434125898964,1023.5717304495096
16,19,5,State2,1.3164107849650306,108.28851085985517,960.0667147725204
29,18,2,State2,1.001515461479734,83.37911442824458,658.5650548938261
3,1,1,State2,0.5708915758912854,109.92684182036102,1064.913506974828
20,14,5,State4,0.81286316085513,109.56772159773972,974.779206136057
36,19,2,State4,1.4352970985453277,104.25385017284249,1110.7912094164553
19,15,3,State2,1.3506802606048463,137.45226760534743,1171.5637683069572
26,18,1,State4,1.481905698076539,97.92922225041434,1246.5842190094495
3,2,1,State3,1.1279933826040982,95.71540648752118,1067.3985821788808
19,17,1,State3,0.747510073140412,110.25508632125376,790.7279069743589
20,18,3,State4,0.6628150496768638,99.1682895682931,570.1372898163734
32,6,3,State4,0.6869144406084616,117.40740306091014,835.0600279286417
7,19,4,State3,0.5197956583472544,80.96791138636716,1266.6976999010135
41,4,2,State1,0.8906821109859392,81.21738328803491,1364.698293859888
33,1,4,State3,0.6914276804995425,111.48714236989326,952.419849646165
40,8,2,State3,0.9116554604567024,82.52783590992095,707.8081491435298
39,7,3,State4,1.4349944318387653,109.13647909664071,870.317284999432
18,3,3,State3,0.93054020950719,105.55004269315549,1227.5611645395743
40,10,4,State4,1.3779844969848347,89.58267570958505,881.7973652945786
1,10,5,State4,1.1055047666158764,105.5075524035015,1117.8247895335028
11,19,4,State2,0.7471315546613919,81.4811133132364,1033.711660259607
28,14,2,State3,0.8558547592592114,85.00150110604449,1142.0006518074108
25,2,4,State1,0.5839195358214294,96.44218392381902,1363.6021997894077
50,1,1,State2,0.8334625935960105,101.18391728608331,1117.9562951068676
23,18,2,State4,1.1775409455035342,95.44542194518213,1029.3832553275859
31,7,2,State4,0.5721110929294352,106.49673945809667,1385.6747131617838
30,8,5,State1,0.7054014084780293,105.82699622572437,1069.9104203250122
42,1,3,State4,0.8814410414133115,122.94050212522217,841.4105005336799
35,3,2,State3,1.4820495370159625,98.57071979282493,1137.493057953897
7,8,3,State2,1.2848618229588802,117.91845146776193,1089.491108426594
16,15,4,State4,1.2334867464921038,113.8108826934084,938.4195315458801
26,5,1,State4,0.616190956525446,134.40965924939724,896.4827895067453
48,3,5,State1,1.2809958936149914,98.09112970146589,940.3481025370185
49,19,3,State3,1.2852688115160151,93.69461917820517,893.6221284996486
2,1,2,State4,1.1011026956243284,118.865413333656,946.8480362574217
1,15,3,State1,1.4903617819983719,105.78148857611893,831.4406795516277
48,8,2,State4,0.825253905924552,119.22488825175849,1077.2309376319631
12,2,3,State1,1.4412724482418517,110.7519819698425,1062.2402627917638
5,3,2,State1,1.4147311149565036,68.39856862900757,1069.0403554458937
37,14,4,State3,0.5114806597493778,105.64482665546774,987.5261321126692
32,14,2,State4,0.950116526474811,104.66823846927234,964.4673487949876
9,11,2,State3,1.4771042330515733,101.99660353695944,1288.4011595307031
41,16,1,State1,0.6031213624080758,98.01635418814925,1013.4811773675606
35,4,2,State2,1.0477846943833193,76.11784708308508,1252.7533692110953
19,20,1,State4,1.478957507041104,113.11265375857485,800.7168033667373
48,5,5,State2,1.0554954241058603,105.60652642140242,1117.8355668402758
16,14,1,State4,0.689815302972156,116.52935046096137,853.0593926679969
3,16,4,State3,1.0821832300925898,76.9186671358712,888.7696143413332
20,18,1,State3,0.7044405739495468,107.60701734317902,917.6188320144897
24,7,5,State3,1.0197042628944843,96.48010993680155,905.0802062792443
33,10,4,State3,0.574042217912348,102.15682014888294,906.0790687036299
24,7,3,State3,1.1054826692144046,96.65260548728664,1243.455017978113
11,1,3,State2,1.016789939128158,108.15411891220195,1009.0822346235279
49,19,1,State3,1.2401613687614632,97.5569031851263,1045.0110778419219
8,16,1,State1,1.130700471158785,84.22127612416466,908.5680072897101
36,19,5,State1,1.0496062685307566,101.29638128179286,1171.3878607436218
38,4,5,State2,1.1897788492481212,96.7873819429675,1071.0112556477839
40,18,2,State4,0.6439419135722309,98.74909568306674,938.2142711300523
20,2,5,State1,1.095359661258604,52.182827859397854,683.1432214746713
35,1,2,State4,0.6721106028227777,110.23954125353058,1043.2592916803742
48,15,4,State2,1.425522207851881,95.28004573979828,1115.1359045070917
25,5,1,State4,0.5683341048456042,79.77769638972602,804.2304323353308
35,20,4,State4,0.9303747496907933,113.83845275272213,940.9210762601675
25,11,5,State4,1.1957974776554448,109.54548591629396,1107.4321002921913
29,10,4,State4,0.9580222116682587,95.09019705587716,685.8143885756465
18,2,4,State2,0.5920952532329024,82.71745930719972,870.2295633180221
46,3,4,State1,1.0533790161267074,102.67046102019059,1075.3817883252802
18,12,5,State3,1.1416319088273545,101.84659126881414,1221.003687770322
2,20,4,State4,1.2037923109905075,113.86501424487673,1437.1559624542335
35,5,2,State1,0.8732598144627589,93.34396727709264,1391.730953673418
16,5,5,State1,1.0636599710287622,117.92383202297495,1028.753896463202
41,6,4,State2,0.9506864749389131,91.89620494996349,903.1546237036096
36,9,5,State1,1.1720560387522534,79.81252323186368,1184.6244535541773
33,2,3,State2,1.0835569673248187,83.01575866784079,891.2814152552685
4,12,2,State4,1.0257562195591348,99.06382691296577,847.5809430108698
33,3,4,State4,0.7495243668382486,99.01728236411901,938.94678952698
14,20,3,State3,0.5020185177482339,104.91791711126164,913.8653399645787
21,12,3,State3,0.6740816753114293,98.64438953322338,1082.5261246131752
48,17,5,State3,0.6170660414241687,114.65977774096494,879.5196755731278
20,10,3,State1,0.9490847450109468,96.08358852306135,1017.024411459563
8,14,2,State4,1.1122581507618445,70.05585602692875,1318.990690281064
7,17,2,State2,0.7130850086848082,98.18354967301309,1024.4281428148095
3,18,1,State3,1.4390570959671871,69.89831968350278,1303.3484576243554
17,19,2,State2,0.5066821292238878,104.07086471496547,1240.4113202131898
33,17,3,State2,1.2723010151653429,115.85789498477374,1118.4080473401266
48,14,2,State3,1.1252047695304421,85.20663270576222,929.1694420122959
12,9,5,State4,0.8735548010476819,121.27835029587776,1208.101595469821
22,8,1,State3,0.5504889444124079,112.64246867092646,950.0050162723852
22,2,3,State2,1.1274865717842792,118.09720233122582,999.5980689946077
46,13,1,State3,0.885613512865648,102.84345784651947,1066.0397348331187
30,7,3,State2,1.4362671394132192,85.1085223637227,998.9265055213036
38,9,5,State2,1.041990074889766,111.71223141721207,855.9464563178926
38,11,1,State3,1.4396515112935082,90.6309863984749,694.5802170034261
45,14,4,State1,0.7204836934733041,101.76826759155033,1191.8265860650959
8,4,3,State3,1.2257259103641034,97.42973510794572,1114.0684253612721
27,13,4,State1,1.1172490208487256,116.87043785195344,655.8778015007316
27,2,1,State2,1.2394082298313118,110.95490508884994,850.6425300926287
34,5,4,State2,0.7146678639725368,98.79151302531444,1035.813085854677
21,11,4,State1,1.1649945162377737,70.72589209689771,1088.5144707121135
30,6,1,State2,0.998040393056869,90.47158800206198,696.3092682065817
33,18,5,State1,1.2428249749063163,110.56333434226626,982.1522666915157
28,10,4,State1,0.8270446441518178,104.20165391569877,1107.930919050793
47,4,4,State2,1.3900570254652527,77.45167098380708,929.697639620144
33,9,5,State4,0.5843013146113504,72.90118041296667,1051.1659296868788
5,6,4,State1,1.307189318791188,102.93263725236184,902.4896235911046
48,2,4,State3,1.3613196258150908,84.14414248426336,1181.8392703399045
19,17,4,State3,1.317252311366821,85.58805308743635,840.1428572267457
4,5,2,State2,1.012726394261776,110.08911593173981,771.584352181124
35,6,5,State4,0.9383849800307613,118.03358170623511,1005.7853728123101
49,12,4,State2,1.496262286524877,88.73946959445553,713.2948055423009
17,10,5,State4,0.7291719512141621,99.3285953858174,578.977762387442
44,6,3,State1,1.0468759658760445,98.88630001023459,1216.7470596108028
28,8,3,State1,1.1706755253823256,97.53693842955225,803.1551036878362
30,2,4,State1,1.200867635861432,100.60897714234449,733.2696834832375
29,12,5,State1,0.7040246657385787,111.34748391760235,837.6482446100783
46,13,5,State3,1.153994092339801,89.89113479905606,828.6698737178409
6,7,5,State3,1.3183695664813373,77.12083698225901,971.5777077672913
35,10,2,State2,0.5500185768211122,125.3501490040564,781.3026532628066
41,13,3,State4,1.4115212933253165,116.34132886735075,1099.637228451231
37,17,5,State1,0.5295040551452059,83.44543193125904,1129.246826231543
24,14,5,State1,0.8559710324883943,102.0344801316393,745.001709876893
29,2,2,State4,0.5158131962329621,115.16053246879166,876.3806754103225
49,11,2,State4,0.5771451685395819,111.23565916789059,895.3885519922828
46,1,5,State2,1.411168285180079,106.93019964893926,966.9985277267316
31,19,1,State4,0.8548608307461478,97.44659662612385,1216.5367033967364
35,4,5,State1,0.9247715304250529,125.90955887592936,1228.0626830005217
33,19,5,State1,0.7153443813825526,103.3128830868919,1499.7734772331573
21,11,2,State1,1.0970957701867197,92.27561111018964,546.1252141691643
32,8,2,State1,1.0948032146777895,113.06613593268393,815.1408553696742
23,11,5,State1,0.8722003918252192,101.44087962927131,1362.8018362149967
33,4,5,State2,0.8330348718053984,105.24696590880434,639.859936444633
3,17,5,State1,1.3849643081805878,103.04723802386812,1358.2530128341414
18,7,2,State2,0.8832842396422014,107.45163360650365,1029.470254628649
25,8,5,State1,0.9935009921544082,85.32315619901189,1036.8265546045088
42,3,5,State3,0.7833047624249306,78.23340419244988,744.0404027761059
31,2,4,State3,1.2867695033571274,121.51199084850376,909.7673559991407
3,15,1,State3,0.8974481568990916,103.74376842683753,1349.4752719419812
40,5,3,State3,1.0136110465443244,111.56270916112868,990.4633729517546
46,1,1,State2,0.7533571700596614,73.60361169733561,911.100194357959
24,4,4,State2,1.487659592341252,116.00024663071754,1081.1438392758473
50,15,3,State4,0.7914957409237229,92.17771531966349,961.5564799394685
32,20,5,State1,1.2707425309055518,87.90672749786434,1069.0302299612881
47,19,4,State3,0.9274956503567592,99.0494024855202,830.0517335680157
22,3,5,State2,0.7062174050841399,85.33029684186212,984.569470278379
23,20,2,State1,1.299718763964861,99.97402452661589,871.7847469118562
2,11,4,State1,0.8336067890290432,97.9549247947827,639.2066718610645
27,17,2,State2,1.365193347397811,115.90593857850824,1096.391557449537
42,13,4,State3,1.415257184917823,122.70016753209205,753.2454316888889
2,11,4,State4,1.359823835391276,122.22273689262374,967.0518139791795
26,2,2,State1,0.5350079148068057,66.03227530905826,1185.2136491655822
17,9,3,State4,1.2873733450051055,85.97249755235072,700.437308691914
40,2,1,State3,0.9113394664991439,65.87669854266457,1120.9368193899204
33,9,5,State3,1.373722920182225,82.09686588347454,940.0373086062675
9,9,4,State4,1.1379542626847388,90.25722683644253,806.6953198145873
43,8,5,State3,1.3336431341439585,106.15842422840416,1404.5846577772136
48,17,2,State1,0.9994317698668354,92.2010014826119,999.888740849033
39,1,5,State4,1.035025504598933,92.61894893577032,886.3814220846518
29,11,2,State3,0.6443876321336672,102.72647024799645,843.9574155267196
42,8,5,State4,1.2839873586893553,74.36035532188284,1176.2324936873392
26,10,1,State1,0.9193896116669716,87.42110270554204,877.5887547073177
35,7,1,State3,1.0000801182715826,92.4466506127394,1151.3036197082051
50,3,1,State1,1.2850977140957076,96.96397017052983,999.5040337753678
25,3,1,State3,1.098845400079439,101.15430985338318,1223.2376128867697
24,18,1,State2,0.7010987274426674,122.50974684599562,791.4921105034232
13,5,1,State3,1.0902326591508928,113.62504241621642,819.3873521807991
7,12,2,State4,0.9076328579796558,88.46034963262098,943.7989371939863
36,12,4,State3,0.9695255420438627,96.08006410822799,960.3867004950448
45,19,5,State1,0.5283112744026678,95.05841294361815,929.0885942605979
20,6,1,State1,0.7100293495162816,92.28771225218884,1526.2880810853035
1,2,2,State3,0.7810380813810283,104.08773738731365,1412.6494008703817
8,12,2,State4,1.2129600078588059,72.10330670543638,1059.8110149642087
46,19,2,State2,0.5114924732981153,113.21071582009726,1083.3944148100916
16,5,4,State4,0.908777261229132,125.40326186073032,952.7135639840839
14,12,5,State2,1.4240268704257328,95.95239188992275,790.0348932963739
12,17,4,State1,0.6118806165491238,95.65953362323256,963.5855518889496
23,17,3,State4,1.016424388218611,102.35566370813007,1154.2235502924107
15,10,2,State2,1.2865223823908472,115.29078965440316,1261.1253523136018
28,17,3,State3,1.4425313075201167,95.13559424774137,1199.1416841045411
34,15,1,State1,1.246776639533718,114.00917749152605,698.0451413691577
2,12,1,State3,1.220565548644406,107.32742008679864,942.1544643692573
32,16,4,State1,1.3264880901957623,135.42417166007036,706.2264870268016
23,19,5,State4,0.9462012209775437,95.07006977256556,1233.7687114805437
22,8,3,State4,1.305844532617833,70.3599932841875,917.5231210399335
25,17,5,State1,0.5079644047454511,78.50591318971729,990.5779768737934
22,5,4,State1,1.4245610553768049,100.17892356100235,1096.0100536010004
22,16,1,State1,0.9433065095171753,115.41823141031128,1553.2279839623798
49,6,5,State4,1.0533801878657476,90.21236289368915,1053.6549879579052
42,8,5,State2,0.7548822489148823,96.53601325187005,952.3457924387496
6,18,1,State3,1.2425308328404214,110.27264105997364,751.7915757592721
15,12,3,State3,0.5766358064752488,85.52151098682313,1291.727889700621
43,15,1,State4,1.3726358025468353,90.83095901207773,963.672707140585
37,9,5,State3,1.3281168290063428,82.48409968584609,1331.4284929855398
33,13,3,State1,0.7160601162447664,117.67342139323843,1221.1226225897447
8,15,3,State2,1.3093243982852623,123.12509217694551,907.4087794783056
44,10,1,State3,1.2863577330614815,76.30877515760409,721.5447638288192
44,16,5,State2,1.1322165977539491,97.86721751517665,1054.5138234407214
5,7,4,State1,0.8735201768996875,121.10888462597417,877.0192942456796
39,17,5,State3,0.7714987541818679,105.98042775433356,1007.8691684912611
4,7,2,State4,0.73178359028935,92.66141150501358,1209.8099213708674
6,14,4,State2,0.8186089627636072,76.80756820583652,669.2835768750333
45,15,3,State1,1.4035584434325303,117.29416827734296,1052.9227688136427
32,7,4,State2,0.5776407759887813,105.40772822416746,1151.9192381771472
30,9,3,State3,1.3288712762529586,77.90520418387366,1161.6221123512125
47,19,3,State3,0.8488900750418236,117.84836580812487,727.2915657625153
35,16,4,State4,1.021599396011358,75.99394657363194,1083.8672939547928
40,8,3,State1,1.2944856336484907,96.69270768748882,1240.7073163813384
16,18,3,State1,1.3843765470229714,96.03077944941806,1068.646759680015
13,18,2,State4,0.844781420072647,124.27571993271752,976.8611587782926
50,20,5,State4,0.9618434812751103,96.0843071217977,1227.9225881146888
42,7,5,State1,0.9145160648167923,96.03035970548913,861.136237912234
30,3,2,State2,0.5132510335039105,79.5538248265346,694.0334183593459
19,18,4,State2,0.7959428888586566,90.39403481412091,959.8804370138137
17,10,1,State4,0.9591892337325618,87.74056808679036,1107.0090383407996
19,7,1,State2,0.9110936088804398,88.52166450992961,1207.7873522872867
28,17,1,State1,1.2219292275156795,100.0942678733781,1106.1005148335864
26,14,2,State3,0.8848036172211032,63.48735421236111,1167.1642137449717
37,3,2,State3,0.9893764489706702,77.34654631874653,1209.0622860207918
26,12,3,State2,0.9296085921323634,98.33471689589268,932.1245987403779
23,13,1,State4,1.2406261488943704,101.81882024655897,970.412139618482
9,2,4,State4,1.3629723989869627,96.49850802034156,1257.433558629975
12,3,4,State4,1.0318890790075141,99.38808265322558,757.9685951538625
1,5,1,State4,1.2894321941951912,93.86325079517123,1085.826572304459
1,11,1,State4,0.7967866820198506,99.72243095155505,856.6582342165957
47,8,1,State2,1.0413696101572687,106.51213330393324,1220.052320646194
34,12,2,State3,0.8452299536699724,106.40700593031491,996.412903884972
32,7,2,State3,0.9142009255718303,89.66562382812256,1001.5187870756248
48,15,2,State2,1.2324138648126686,113.72642109374425,1345.7759774793371
25,17,5,State4,1.3816624823327128,102.3566304175498,784.7914441102707
40,4,4,State2,0.6214953910877654,118.48320934509654,1043.1638946437206
45,13,4,State3,1.1346392564873806,121.49308646900623,963.9747737804358
1,18,3,State1,1.0821438075777985,78.35909917940131,1106.4822632086061
16,1,2,State2,0.6184150391759319,87.11458691696936,1385.8661573377892
39,16,5,State4,0.7118943304401091,112.20322059955825,878.9516980149635
5,13,5,State3,0.8110024947326803,75.02661369806579,760.5204575291909
22,10,4,State3,0.6669310708175015,121.3026544404006,838.1345148635987
29,12,2,State3,0.7437294825243418,94.84176707781006,953.4363835558162
3,2,3,State3,0.7676007988617075,108.62549552663528,1012.8461667406654
12,3,2,State4,0.8356738330390596,98.25414005708835,1022.9057591573164
26,10,1,State1,1.249390452801159,79.11415708324469,1360.5321902350868
16,2,2,State3,1.0719122038506006,115.83316903197962,1324.9678089309682
37,13,1,State2,1.4862466719514016,141.26084545805995,1260.589297813392
22,13,1,State1,0.914735826967471,92.27487585466463,1502.8877273234684
29,18,3,State3,1.253865073836925,95.16462173732137,1164.8196913325262
14,3,4,State1,1.3714684213765338,60.263506850994105,1221.671016702528
28,7,2,State2,1.1789784930380418,120.2725435518418,1160.9541043787533
5,14,1,State3,0.911864740417496,113.67647984263004,1128.1810627587574
47,20,2,State2,1.253594630745753,73.99924206917629,1078.8793048365683
49,17,4,State4,0.7036671377726849,69.0267180692967,920.6285910169358
30,12,4,State3,0.8275521651801324,70.76153075252103,750.644350432427
46,16,5,State3,1.046685255099289,109.67753688059227,973.8692062075773
5,12,4,State3,1.0754093872861483,111.17487129421123,1113.1547399344126
12,15,3,State3,0.5221414754726295,86.14999083446818,1014.452380194798
16,10,1,State4,1.4451141887560088,107.48890047074198,786.9328611761488
26,7,5,State3,1.19662727121739,102.38315681486729,966.8233900033243
26,20,3,State1,0.9957037502318911,94.49095439718673,956.3994382833724
48,5,2,State3,1.4331272344083084,114.5529524002795,987.529071606244
21,1,1,State4,0.9390955652508285,81.92596598157942,1098.1830697853318
39,17,4,State3,1.4804355702703718,117.21308820390843,1141.2516073820605
36,3,1,State1,1.012284757243485,89.07217668978471,899.9897098050895
33,13,2,State4,0.6142857699979795,126.72305022950567,1196.2242376025029
30,14,5,State4,1.2648009724592773,84.920409647778,1226.3276239336624
37,18,5,State1,1.1788977250778405,94.72641882099809,1064.060386609709
23,4,5,State1,1.2729867213055868,100.8788070631353,1132.9500543906136
10,18,4,State1,1.451442028725681,100.78477821733725,1196.8462884923897
5,5,3,State1,1.2764893026510182,107.36242750927143,780.4710700841057
36,16,3,State1,1.1113366022166469,80.71476372629984,1210.946266996359
34,1,1,State4,1.357308902360841,99.44031387630048,841.9878254804094
31,14,4,State4,1.1732464393545317,102.07197559604082,861.4596726743243
10,15,5,State3,0.9081190568259231,92.0839266395781,1039.257833562952
19,9,5,State3,1.3856197642417731,106.06087926189126,571.1919748650662
32,15,2,State2,0.7219004607843729,79.80445129768329,1035.124061645152
1,17,2,State3,1.214641274908724,95.10319166423974,1196.3561893911606
5,4,5,State3,1.381563454940757,88.702238133945,670.8152307107966
45,12,5,State1,1.2313165197032963,95.14853605676471,1217.8018649092903
4,5,4,State1,1.1972754190538568,121.70553189881805,860.2424762945091
16,5,3,State3,1.252638294071836,121.996835892361,1041.3723560985602
24,11,2,State2,0.9650552483006444,119.05624690871831,889.2850985989076
16,6,3,State1,1.3741706821570259,93.06614079878723,1114.5836968258093
2,7,4,State3,0.7034364751360912,113.6142741520031,1204.9895112327526
49,14,5,State3,0.6273864160003393,101.68543190388706,1129.4020728764995
28,11,3,State4,0.7855087801185116,100.68384555254512,999.20377010126
32,13,5,State2,1.0315773967749933,98.83957978571246,904.828932681315
27,2,5,State4,1.010561795409338,126.37626786068688,986.1395941257774
20,7,1,State2,1.3205987576765867,120.48757908334696,1131.1942929919283
24,20,3,State1,0.9045686564040174,111.17344627670646,1138.0532798345837
12,4,3,State2,0.9843444262915086,97.4454855173406,1110.1653164352244
50,8,5,State3,0.5133676832593956,100.59341137381843,743.4844916885911
35,20,4,State3,0.9097392364429391,107.95849906806602,995.395508312918
33,19,1,State2,1.1477742329503422,92.17586632218966,873.3142071605696
33,13,5,State2,0.5155083306265922,114.07473573946756,1132.9858039811656
43,14,2,State2,0.7808819651862438,86.1813233283564,847.0056493242806
37,10,2,State4,0.7079563592893899,105.87765531996108,1090.410751616845
12,11,1,State2,0.5419854289095882,65.65426675311056,943.562447837094
3,2,4,State1,0.9792600899145375,91.74072210096804,624.1807633468518
1,9,5,State4,0.6817232932281565,131.16515699379164,1186.1918571775996
33,17,3,State4,1.2430815396313801,115.54287241587866,994.9425556272084
40,3,1,State2,1.3479278837633486,123.03202674901786,1255.1954591531382
10,6,4,State1,1.0455851826691478,89.99038498968427,666.9381842644725
43,5,3,State4,1.4817073425211416,101.55659255200653,941.6957378165008
44,5,2,State3,0.9504785714705953,119.22988379641457,956.719115808027
29,15,2,State4,1.0133682102249155,109.49642402058066,1054.0412582476622
13,17,3,State2,1.48921775395775,107.62848816037479,734.9625391686002
12,9,1,State1,0.7315484359650488,124.45872955495093,1108.8075713547557
31,3,2,State2,1.4425459396769051,84.39317551579109,1382.3324812562066
46,20,5,State3,0.5428375551191132,97.23642940831745,1094.9074692931063
2,17,3,State3,0.9463868902631948,73.68871655995969,1018.5744803647024
50,10,3,State3,0.5700035121330658,83.57340922096598,724.5085185949254
35,3,2,State2,1.229234742913643,116.11278088268456,845.150777288595
23,18,1,State4,1.1084089358800178,86.23976100711815,988.8310198354454
17,18,5,State2,1.2066342634675964,111.03286381187645,894.0447058314342
26,17,1,State1,0.874480399968017,124.87727562952121,1205.251285254197
8,3,4,State4,0.8694819340313803,97.33092737512092,1106.7406401937276
29,3,4,State3,0.5453192789608946,107.7979515969972,1538.475717529394
26,6,2,State2,0.8499449395296398,111.1496819431438,803.8283127151417
10,13,2,State3,1.4292884022620593,81.67757405400152,1006.6229222783466
26,15,2,State3,0.879226537180449,90.75321482048429,723.3015254931418
34,9,4,State1,1.33136770622197,84.94508182492297,555.5118450819351
41,4,1,State4,1.342325504749934,91.94915334875458,1144.5441958906306
7,14,1,State1,0.8732411563792338,110.74166047121649,1099.3230765934713
4,5,2,State1,1.131988680396189,91.07204903586563,829.081913070842
50,2,5,State1,0.5953716022730586,99.47270159602274,1018.6059239186848
45,11,1,State3,0.6036785807342765,84.36307574603147,874.1464802148911
11,9,4,State1,0.5486576636617133,118.39633246800554,901.1585090313448
29,3,3,State1,1.0810150933751095,91.82335014664994,935.9430774467452
36,9,3,State4,0.926070977626097,122.8447082786493,820.6869645191445
25,3,3,State4,1.04803235666424,100.91393640774041,856.6700180360086
21,2,5,State1,1.0210731905083879,78.89500633055381,862.3129112111492
36,12,2,State4,0.8502029910907303,97.43459880181564,1084.5757693506662
10,10,4,State4,1.177473414823473,84.05834758800754,445.15596480303714
37,9,5,State1,1.2585018809163908,108.8402406606723,954.4741477030394
9,15,4,State3,0.5146282588776757,96.079558265097,782.4636246924654
24,8,4,State1,0.7072422997688783,102.44815382541032,789.6894627549439
35,5,2,State4,1.2132358680833368,94.45970334930156,894.869325183255
49,11,3,State3,0.8866201726338342,91.66986544205012,997.1320580053684
35,2,2,State2,1.1624839469416082,85.39566985576559,957.1176276586614
48,15,5,State3,0.8469626597345584,112.54334405232294,787.1878980403592
36,6,5,State4,0.8907551523296371,97.40270347300454,1144.3393036891152
18,8,5,State3,0.6586788736896849,95.27963659452423,819.4792026279019
49,5,2,State1,0.75823101966616,97.02679152336759,853.0587488147764
39,16,4,State2,1.1054117575075872,89.81707309771338,1056.8983571789033
32,18,4,State2,0.9331631113151664,95.32972859835962,1064.0737128585483
24,6,1,State2,1.2743026829445951,103.08444722040231,877.6600677734043
23,5,5,State4,1.3525849549383429,84.48794501414852,412.7675939801687
32,16,4,State4,1.04164641821676,86.65972010381188,822.9018226824303
37,13,1,State2,1.2582672920560591,120.6742614043401,1032.3776372480513
12,5,4,State3,0.80690451319457,94.55865200800666,1137.7216107380061
49,13,5,State2,0.9149712154000782,91.72658786613985,984.1406684943107
13,17,3,State3,1.212777676216831,79.84192591661088,904.2027905848769
23,18,5,State3,0.8862119928170307,112.76016456211359,1458.642201139865
25,8,2,State4,1.0885049351589888,84.16111279733735,925.5027756989291
35,13,4,State3,0.6853727790825115,99.77061008557813,1122.4465373582211
41,19,4,State2,1.099771314970498,74.37722396025114,732.9895809146208
30,3,2,State4,1.3615137072268935,112.27259200546175,781.9664301582065
17,8,2,State1,1.3686396398234257,117.65284365427871,1129.465122292445
49,2,3,State1,1.2243444063295397,107.26780518217024,1208.9122551570742
20,8,4,State4,1.2457533790761262,76.98279802892054,922.0566219613191
48,13,4,State2,1.0579274451507006,112.58143215863846,630.2728616738959
25,13,3,State1,1.0846680901658248,87.58976500539471,966.488532119755
22,1,1,State1,0.633650581410518,82.43542181917582,1037.8811801559123
13,6,3,State3,0.9438591884213011,94.2480843136352,1019.7636077857649
19,19,5,State3,0.9507762838863638,93.94948489980266,887.322067007799
49,16,4,State2,1.4584978356677403,92.42427023229565,969.4231761478123
36,8,2,State4,0.9310868626232894,119.10511371857041,850.0446311431788
12,1,5,State2,1.0493426449027576,130.1773899466394,777.632355252628
41,16,4,State4,1.0332513992791026,79.46295193975803,1151.133704129361
19,9,3,State1,1.1367617170443272,89.66751408513115,1019.5596626805421
12,13,5,State3,1.248232831331896,102.14122504067436,969.863288275534
9,11,4,State2,0.7250418761708721,94.16925263594159,898.5704514455678
7,13,1,State2,1.0287244190984357,105.99098123917774,963.965288692984
28,10,1,State4,1.3259177073160304,113.73978033918692,1032.0632857573994
14,4,2,State4,0.9631147138375115,111.24048913405062,1345.7363151628613
31,6,4,State2,0.778457546373573,109.14600351774749,1130.9073699654289
19,7,1,State4,1.154709075356299,124.88643281379585,866.7381756101828
47,5,3,State2,1.323767395799123,76.16579075625836,868.8472514588618
16,11,4,State2,0.5631402929273913,122.20163187931922,837.6637799350808
5,13,3,State2,1.2767904834072272,93.80512548865384,959.8958937494051
35,19,3,State1,1.3216479329617712,111.7768783101344,837.5097099518231
12,10,1,State4,0.9615229275886068,84.55500657580835,1094.9647489979252
25,10,4,State3,1.4833056568184673,86.37255412160084,471.29674884038945
21,11,5,State3,1.286708340707309,109.93175937223042,1107.0336618549488
36,7,1,State4,1.2736625648956656,71.06904965875232,1055.0754975610862
23,18,1,State2,1.247838574412072,114.84163117432469,1252.548496629528
16,4,4,State3,0.650608103218274,118.89945253512383,1175.3579109107907
39,2,4,State3,0.7172308864530108,102.6667728074344,863.2604429491893
45,14,3,State4,0.963990131464425,102.12641553367835,1152.8596161877015
42,13,4,State3,0.7640043499594659,87.49545782637321,966.3865045571399
39,12,3,State2,0.9152409723340404,110.11674103605503,613.138648511146
14,7,1,State4,1.3884641099229207,105.21497869611139,1031.7663879457784
31,2,2,State2,1.3243268918792692,86.17741905964266,875.149315885861
5,13,5,State3,1.130039878479982,94.12780074867712,1000.0443032794
35,14,1,State3,1.3581203942511035,97.60996862956294,1330.2899660550488
23,17,4,State2,1.2837723890172492,94.10796705221219,1044.9573805464318
29,9,5,State1,0.9289849318408905,79.55632879975037,796.5330297620008
43,17,2,State3,0.7010651520499451,110.48530462875843,1192.8830011232408
11,8,2,State1,1.0142010400093393,96.34734316147158,1072.5085140272877
18,2,3,State3,1.2362288825285501,100.23047163839964,772.9676341936183
47,13,5,State1,0.936419598729593,91.3260011890386,678.7524465050687
12,3,3,State1,1.1667719097838973,107.12907210957985,804.5324881562558
9,16,1,State1,0.5943274262910436,102.98044276572105,1167.2603601343444
10,6,5,State2,1.2480047363714033,118.19176583695628,939.6795732713908
44,19,1,State1,1.312713619893062,107.20898069408477,1016.2285037910822
17,7,3,State1,1.2068378557805413,96.95973397244333,732.2940658447662
38,10,5,State1,1.4672635875263655,88.90424773746159,1172.6437958034846
7,9,3,State3,1.3266520574606404,112.98929025874968,596.9632671284526
46,2,5,State1,1.4030937278765383,95.76135851820314,868.924496786463
13,15,3,State3,1.433571083457648,97.42423650105668,1083.6927718227587
40,5,2,State1,1.3013479918738087,97.42042590560987,775.4737109921309
42,4,3,State1,1.1742588420064992,93.97588434014305,1122.8258558900886
9,20,2,State2,0.5057185813607893,97.68191508655195,826.1612042896795
50,4,3,State3,0.9658257532231247,128.89311344098866,754.7858814367386
27,18,5,State1,1.071162298622361,84.28266918808461,1257.2964129288948
2,4,5,State3,0.8040302724479996,87.78243683857585,1030.786038619801
5,17,5,State3,0.8181044469034721,120.76486627231375,1103.8072156099254
29,12,4,State4,1.4611594157101653,94.37793423257392,1203.6419169105393
37,17,1,State2,1.391710865202746,93.24068073887658,476.140210099814
38,10,5,State2,1.3491790055017043,115.5229578516015,1126.956527994064
19,1,2,State2,0.9060118017061106,78.69706574077374,847.7949631011305
8,18,5,State4,0.5136985504089145,112.32181643880108,874.1454418452172
48,18,4,State4,0.5802222464557141,100.68424643982316,1087.4882155331172
45,14,2,State2,0.8121963682176037,106.97203196247966,927.3918453181095
1,15,4,State4,0.515742912995677,106.69046432878189,1118.904215091304
22,12,2,State4,0.5171497819151981,90.58026120276043,991.8314064967836
17,4,3,State4,1.4166033016424109,115.76775670224859,1033.6418029368115
7,3,1,State2,1.2061585021190542,91.74793432782896,901.9556815969421
25,20,1,State2,0.8089559900681527,106.13273528498112,787.0133421683723
45,12,4,State2,0.6326445776009532,118.56586728293705,851.936485850499
4,7,1,State4,1.0116357178950772,120.68352549769705,979.4351739040111
36,11,4,State2,0.5053461608543645,95.99310496088961,1367.4476785549077
6,1,4,State4,1.4384137438581441,106.94702911361516,1294.3812798227084
31,6,4,State1,0.9148151193889472,94.60766814694571,869.340804428121
19,15,1,State4,0.9023349552373328,137.55694340903162,1012.051535466495
44,15,4,State3,0.8905936075817822,111.70189008810728,942.4554052107904
39,19,1,State2,0.5693283303877648,101.26087653755404,1026.0533237738048
27,11,4,State2,1.1383222397918265,104.68843260186614,1051.7825495085551
10,2,5,State3,1.2330036196283534,106.10658123169101,1105.5030031511203
26,14,4,State4,1.1761253975882902,106.55115311175223,419.7722436365183
19,2,2,State1,0.6384354933293943,96.40002673530165,1073.299733177388
39,4,4,State3,1.0788401680355926,94.08509051147237,920.2157941566707
3,17,3,State3,1.069484484172254,97.7221995741026,859.0124171536793
45,3,4,State4,1.368410787941382,82.90462442429188,1158.851335632414
13,13,2,State2,0.879127658375647,110.7741161046169,1293.3648832809538
50,9,2,State4,0.8714859436594342,87.9744243602654,1137.8006288082813
28,7,1,State3,1.1185270587181857,84.10074881522925,896.289678557781
20,15,5,State3,1.133072653499513,99.78468300153777,784.7988699722179
28,11,4,State2,0.9692852273257904,98.0481605546517,398.7511143780639
8,20,1,State2,0.9430593623304211,103.74451713683483,1036.503199316271
41,2,5,State2,0.9941476706378827,91.47691945905386,1115.8032215588873
39,15,4,State4,1.3610452995033118,94.1118616265354,979.6272979803939
1,14,3,State2,0.96116690125391,110.38179257632736,1186.7492417675985
3,20,4,State3,1.4399317919698225,109.4682580074279,735.9619528335015
13,11,2,State3,1.0040037635963261,108.84287569265017,965.7522087089902
28,3,2,State1,1.4492006931808914,100.50951418527224,949.939808082422
49,17,3,State4,1.3328319018690757,102.53383934998412,977.9782631487867
25,12,1,State1,0.8624313226158291,103.45658331565755,1233.5863325907815
33,15,5,State3,1.3636414212966161,90.15937390286535,979.0315551802474
38,16,4,State1,0.6100632842011152,122.11069900219152,941.0415098454941
6,5,2,State3,1.4250471753430145,119.97382048731549,812.6613040378937
44,20,1,State1,1.1316435150828916,111.9136838650145,1265.715894284292
45,6,3,State2,0.5543907485223112,93.61207620397603,713.7607554842746
32,19,2,State1,1.1442567236508117,108.08716176925225,889.4001134305175
45,5,3,State2,1.4742476541447562,114.67554906654658,1338.7874134194985
47,3,4,State2,0.5698006546146289,81.65204647418285,1093.648659614307
21,1,5,State4,1.0546877097800862,125.41767642547745,995.9646696597459
16,6,2,State2,1.2477943497593724,73.90918583266307,1004.3384111052568
21,15,2,State2,1.3102585866995313,110.56908729563614,810.7244025284365
11,2,4,State1,0.9138274653207958,121.79923459378703,986.2945510284951
37,3,1,State3,0.704166559168243,98.30404803959453,930.0268322008413
36,17,5,State4,0.5423422787723838,97.7430340026539,1035.9257198910009
35,12,2,State2,1.0797261570972247,110.01491188970385,698.7517228747383
19,18,5,State4,0.9529110702676108,127.77822837900808,1079.5704015538638
20,15,2,State1,1.448744395149711,95.78398543087951,1203.3259349772618
18,12,5,State2,0.5606049077149098,88.28567212201082,959.2353749758853
47,16,3,State1,1.1853953434460056,93.64336816588012,1129.4196786611615
41,8,2,State4,0.5249662221200572,76.7122901157067,1062.0692549689154
49,14,5,State1,0.6714341767105427,113.46636848072734,878.4519719667888
14,17,1,State4,0.9535789999228341,92.28875420929211,788.294862708577
15,8,3,State1,0.9548724428028682,96.87491268901667,816.3223022558683
31,15,3,State4,1.185700542933644,113.6443169712851,1058.578513830943
1,14,1,State3,1.4102130348677566,94.34634513385227,988.7709736029591
3,18,5,State1,1.1390321589149208,111.38635593082596,1255.0186043763397
16,20,4,State1,1.4535350978515087,84.4286724427557,1158.1740224407788
23,7,1,State3,1.3816156398779977,114.38079142485996,1157.7569966254603
11,3,5,State3,1.0844997955307902,105.12857531898206,1052.6161603424446
12,12,1,State1,1.3337919509188274,98.67131453770497,807.5602101356671
10,3,1,State3,1.142577610323634,101.96340231915694,1065.0678591949984
32,20,2,State2,0.5785578309237271,80.69858058020895,1012.7706330056445
16,14,5,State4,1.24056472325951,101.62001115920455,772.3237222888504
8,15,4,State4,0.5949084412673462,97.87495321965095,1241.9898517117424
38,14,2,State4,1.0940827805697124,81.10851084343655,1220.4578749858304
12,7,1,State2,1.2026402058582288,89.93386859640184,771.1701711165879
24,17,1,State3,0.5665276082108552,98.06132113071223,872.4410189766943
28,12,1,State3,0.7307946539265318,90.89061722578238,890.0099561119047
8,20,5,State1,1.4156722322616497,63.818291424243746,1121.970308759923
28,4,5,State3,1.1163144922328962,116.14581309413299,1098.9450360907992
36,9,2,State1,0.7462860188105316,97.86865187365503,1008.8814425572713
26,6,4,State2,1.1906797711480066,65.89074686145182,1054.771456079825
8,16,2,State4,1.0967764199616896,132.02444409519092,742.4735607108933
50,2,3,State4,1.0015756999179484,118.62088496969784,1076.2722562716906
28,8,1,State4,1.4761869749880838,94.76526923397498,979.8229248907859
28,11,1,State3,1.183453777407509,87.36253762949949,864.1913634882821
37,13,1,State1,0.8754411096679127,106.04786816140783,693.4987452139362
41,17,2,State1,1.3000734320768679,103.03490222326212,1005.3922312372704
36,8,2,State2,1.3845832929211879,108.1313488720056,1071.391979243562
27,18,1,State3,0.6252205595168314,87.40569590117428,659.5036396586825
17,18,2,State2,0.7005529778452665,116.4665803145745,1003.6972141312859
9,14,5,State1,0.7162270091277797,92.89806815236676,1024.4479503696991
33,15,5,State1,1.1912118093865405,110.21148622983351,889.1540913704679
20,6,2,State4,1.1030395550532832,88.04591109314464,1075.9676404790348
13,11,1,State3,1.1189915646985882,139.7221597863023,973.467516744536
28,13,2,State1,1.4407732996895009,110.43285023447888,1056.6342010672727
48,1,2,State4,1.275911532807306,143.2634841486047,1106.849386575011
29,6,2,State3,0.6279369245117832,112.41402964489069,1106.9613812301047
13,9,3,State2,0.847507082425181,91.57803464696974,1203.3640986893004
46,8,5,State3,0.9353936461757356,112.44071190383794,1067.665037756916
35,11,4,State3,0.8959615887476049,113.50866727289825,904.5918518446358
6,19,4,State1,1.1693086091618792,105.59986216746644,870.4419910493606
18,9,3,State1,1.3918931032565625,109.45588708048085,787.3382494262755
5,17,2,State3,0.806051463522788,111.42590694111513,1030.2359286225812
47,12,3,State1,1.0518771364211856,85.09478483851387,1264.2623429305047
25,14,3,State1,1.2894094219135857,84.02712392905072,928.30947880257
2,15,1,State1,0.9162180588453493,88.0867450207835,1089.9216495419919
10,16,5,State4,0.6681181283992959,101.91313591555766,849.5439990969679
30,20,4,State4,0.9749509652637482,96.6524324278987,1038.960983032127
50,1,2,State3,0.5552225207430285,85.36644151115577,1251.8694256148879
45,10,4,State1,1.4423834540022769,111.6297131577947,1137.2495946663885
5,8,4,State4,0.574821205194973,104.2456723020472,685.8375933721686
33,18,5,State3,0.9384567152505782,102.53393487056282,1114.1389632071089
1,1,4,State1,1.0298812610885262,96.13016042239097,1123.2451557587103
18,2,4,State2,1.4853038322872854,94.3265784645164,1034.6973946454177
32,1,3,State1,0.6660218236428608,87.38003257286536,1133.504422540468
47,1,5,State1,0.6144315186123586,114.00610438806007,833.2995920564923
49,9,1,State4,0.5087061470625436,89.4476067752022,1012.6526309608172
11,13,2,State3,0.6555714368693023,103.14085700039224,1222.0347881876203
21,1,4,State3,0.7072729790676676,124.9301559440805,1203.9898966932735
26,13,2,State4,1.1305809415830923,95.01613382965974,1109.6089948011943
25,20,1,State1,0.7197067903914004,114.41053211078791,823.4009552998234
22,7,2,State2,0.5205208147293252,108.53063524053509,791.9072458761443
27,2,1,State1,1.3266183455024887,104.6720134489158,1022.9087348886709
49,6,3,State1,0.8655957010039668,106.4552266285713,1036.1548477451681
13,7,4,State2,0.8536966865807339,98.57640146093604,979.9256455445486
33,14,1,State4,0.8024790291679266,100.52163953190161,839.0430043606694
34,18,2,State3,1.4753732771464207,91.77829077661413,1087.3922150780788
41,15,4,State4,0.6701154173092815,100.62185681701133,1022.0330697389082
35,2,3,State4,1.3982380639532352,91.22161006324754,1057.9648633100946
1,10,4,State1,1.276803332139888,115.08482639614896,1118.6867519248221
21,12,1,State3,0.5764799554993131,74.50753856982334,945.2700424643974
48,17,3,State3,1.4867291015008486,107.21579936688224,902.2483245241127
6,8,2,State4,0.7713659635390105,105.0488005213342,1221.5130646617247
28,11,3,State2,0.5985829270224123,103.6902394626405,848.5283026939663
17,3,3,State4,1.3293142341257593,115.36748423298229,906.1651601075985
5,6,5,State2,1.2066755336777,95.70814614935578,1246.8495630854945
31,9,3,State3,1.1172188058779007,103.83150766858074,890.595149798068
5,6,3,State4,0.6559808636989332,74.25187167720321,980.276471271888
38,9,4,State1,0.9784961162559619,93.77024676797166,917.6060261773944
3,7,2,State4,1.2805560268872138,112.83604646762836,643.3557037432405
23,9,4,State3,0.8036239381438403,79.91257396695278,975.3384695990406
37,18,4,State1,0.8116898285150415,102.39615050576117,797.8756472842904
37,12,1,State1,0.5031409060481221,89.83724392174304,1050.9160865287122
10,8,4,State2,0.6742434016453795,98.33519542342398,1221.1277020082223
10,8,5,State1,1.3754056251218343,90.73483766857603,557.1652533652691
19,18,5,State1,0.9417464916377071,81.29206593559854,918.6166031999439
17,20,1,State4,1.484234499234434,105.79004972439701,1090.4646465929961
21,15,2,State3,0.8957079635737926,99.2560485696288,563.3302163140445
14,7,2,State2,1.2151864547802411,109.18943679530798,1267.2530720844463
9,11,4,State4,0.7819190429047291,111.91656861998291,1075.9784073606968
46,20,4,State1,0.8638096411409335,118.37888105633522,1216.6425643863802
1,16,4,State1,0.6907259875908947,102.00230118163998,887.2104273777142
45,4,2,State2,0.847062368499395,119.02931536904812,911.3358459447618
13,6,3,State3,1.047237520420643,85.36338238913568,967.8127290401861
4,3,5,State2,1.4917728809792494,113.63439743842197,1427.641809510308
1,9,3,State4,1.1642017130717857,106.8908562449178,1263.6210720994134
49,10,3,State2,0.699245954408314,103.49638978772181,1026.4695399017494
40,14,2,State1,0.5449614415915511,106.67098351244675,1050.8803543301567
32,11,3,State4,0.6263564813145106,85.58891682496807,1126.9807623169866
34,18,1,State1,1.0625552012730473,82.04879785112466,1478.310964198292
28,12,4,State3,1.2651603288167663,125.64742279115498,1076.54395861141
31,12,1,State1,1.440419207300747,97.46916732704095,1009.191879223754
8,13,5,State1,0.5158231719968208,97.25509867289949,932.2803206770025
39,13,4,State2,1.0227601415618697,83.46535788638062,1046.9830495038882
26,19,3,State1,0.9708673562231768,77.77332541754745,882.5956363297581
34,19,5,State4,1.156055021975704,98.67521681781577,1099.2184676153745
3,14,4,State4,1.059578854465342,94.87618117736908,713.4806740416918
50,4,3,State3,1.1870391505824807,100.02601535113676,947.8998821187334
12,13,1,State4,1.1580825847491902,101.30730910573263,1146.9265709454673
1,8,4,State2,0.6170117248579462,137.3419162189104,1073.8247308674709
44,19,3,State3,1.2997179136187196,94.92130028891567,907.4750759896697
5,12,1,State4,0.6232325757163248,123.6991016191517,953.5950979166723
30,18,5,State2,1.1985306252091372,124.63036322567417,1207.0669373384421
30,6,5,State4,0.9161453676406067,111.30436427907976,757.9196607953157
17,18,5,State4,1.013850734576598,96.47310501176332,759.081270417734
48,19,5,State1,1.4032980143757106,79.57791495800906,814.0732095645005
47,5,2,State4,1.3898837264734865,107.1691581600086,997.8644271466712
23,9,4,State4,1.3178563056550296,115.28218119551417,728.6523865487616
15,3,4,State2,1.0101483804563234,126.21531196424476,1190.6003185531963
37,10,2,State2,1.2362398101338332,85.75063068629828,815.141508228827
21,19,3,State1,1.0128970555188093,96.34710416222099,1044.8711115486258
14,3,3,State4,1.3696060824747773,85.8420311436573,884.1853798161194
2,15,5,State1,0.9027758332328999,90.49783011344616,986.9005838320548
11,1,1,State4,1.4702353444148768,109.9658130135344,679.3308180682513
39,7,3,State3,1.4323227582288776,89.81042845951396,1200.2632490419912
38,12,1,State3,1.2416026194517855,87.63593234024486,807.7004003257198
34,17,4,State1,0.779415884176072,111.95493795583411,786.7566557912595
38,20,1,State1,0.6316535887932584,106.7610818506532,1475.8018026804184
50,5,4,State1,1.3547034500931976,105.25016796902761,1110.8614621915217
34,4,2,State2,0.6653022861379613,90.20668962701401,1192.483281656615
18,12,2,State2,1.3542607889973357,119.39534917322052,1091.7782792723797
30,20,5,State2,0.9907650067123605,100.21735295979687,909.5038880027197
15,18,3,State1,0.9065567838081042,135.70285208132154,738.6300285089978
27,17,5,State4,1.403190778834429,102.41749254205067,940.2359225148682
34,19,4,State3,1.103850982540278,64.9997823722926,804.3681310948875
38,9,5,State1,1.0766140071297179,64.33186697834697,816.3769655130961
33,4,1,State2,1.0587659446243975,109.35924912768203,683.3625342060607
24,2,4,State2,0.8711695160195314,119.50741228496209,1022.8951919590992
15,4,2,State1,1.2856431035291274,88.24257805114226,1314.6824295051692
30,2,3,State1,0.752798444015773,131.51468159165728,1111.6273446052899
42,15,4,State2,1.438894960041275,124.94498405491154,978.8419224296575
17,2,4,State4,1.3939852050469608,103.15820145161722,991.8856254379697
5,4,1,State2,0.8374803256748982,108.09180913534198,390.4445375212806
29,6,3,State2,1.2294637698316637,113.41795326082774,915.2329156201247
4,7,2,State1,1.0732231944495916,128.34992345980774,714.6648209559321
10,10,4,State4,0.8376493019992346,110.23203950118372,1026.8825055804552
17,19,4,State2,1.4885216479954466,102.81897478406724,948.0048022663532
10,19,1,State2,0.5252373458482642,110.08451796379973,826.139091758492
17,12,5,State3,0.7526460306212867,108.0604042217384,1022.3793408977198
20,3,2,State1,1.0200740611111505,113.86615280912491,1020.6558306013886
24,13,3,State3,1.021953003478564,76.44965060380696,1303.7248078912855
5,18,4,State3,1.0889330749455641,104.73780174921183,1137.283500089346
34,8,4,State2,1.2516761720229193,106.90660761369604,1043.3945580073746
6,15,2,State1,1.1234778305192963,98.90729249421742,810.4971052697215
2,1,5,State4,1.1002814605280369,111.76249666326338,785.3121761785023
13,3,4,State2,0.5535144629130433,128.8175143085356,1119.7696014873216
43,8,2,State4,0.8765302877892983,102.0732569665666,959.986125511914
43,4,1,State4,0.732055739701156,110.37581621061535,1049.8731182253216
48,16,5,State1,0.7653701116019754,124.0939714067733,1195.6001048343119
11,10,3,State3,1.0543374743403449,102.42346758912784,697.372244971638
47,12,4,State1,0.6995053149296084,86.67305196461787,1279.4070770057988
23,14,2,State4,0.7939491010168975,109.23668273631887,1193.8763573897993
16,14,1,State2,0.7370847085173401,66.97500794802886,589.111955602471
31,2,3,State4,1.4485029432181946,65.5244944305598,1470.6184897821954
11,5,2,State2,1.4446657321710952,104.99518070674387,1064.2752638162913
16,5,2,State2,1.1099415585960517,64.825444253772,904.2923399154092
8,6,3,State1,1.4245224687319,80.27248386357714,1103.8124447209852
4,13,1,State4,1.2858126454683731,94.29852154734516,804.5050726122529
40,9,1,State3,1.0899478828018088,89.1787547538117,1109.2256706387102
4,15,5,State4,0.5064352114967957,97.78290244679323,841.3007083329377
25,14,4,State4,1.2725162860794041,116.69305211152745,1404.0719070941202
3,7,3,State3,1.2024883415884688,103.57721217045896,1012.0200387812802
32,20,3,State1,1.115253653282414,87.41019397330811,1129.9646104145647
3,2,3,State4,1.2604243116824718,120.31661609176413,842.7869800695722
27,7,1,State4,1.0129221647747657,78.56714145183713,1163.2992047786715
29,6,4,State2,1.204083271321339,103.32825263158149,997.4839872995776
32,17,5,State4,1.4351720867264932,76.89871037482443,717.6296583356111
50,2,2,State3,0.8758050158460863,103.78476858595809,952.2474560223504
19,3,2,State2,1.2081218349006253,95.22058894161104,1386.2222137725075
21,5,3,State1,0.9756878180109587,116.23356867289552,1171.7954052086616
5,5,4,State2,1.1743996518139816,110.81034206791344,924.2049862187013
18,1,1,State3,1.2628933355543641,91.19291002012505,626.166847799813
28,8,4,State3,0.545452500435796,88.31590538775637,833.5017643538737
42,12,4,State2,1.146600443948662,95.27354900451836,718.7051991931078
22,4,1,State1,0.7267411844069446,128.1335719005151,630.9983987133004
21,13,3,State2,1.1700325378075669,124.2860272166212,1157.1182260330604
6,15,4,State1,0.9683301859338135,85.47597721947024,1012.4774792760331
1,11,2,State2,1.2735527418648873,112.00338007002023,1359.0216896687882
5,10,1,State3,0.6234008152055964,74.02852856654101,800.4716202404742
41,3,5,State4,1.126322351656195,93.28986308413953,999.543813048174
12,14,3,State4,0.7784707289275523,86.08653470706312,721.1651296506171
26,16,1,State1,1.3529819953305915,116.03919186358661,881.0253277667515
46,10,5,State1,1.4283835056363074,80.63923720317382,955.5780076134829
34,10,5,State1,1.4963982936790554,106.44025353133708,925.0692064376705
49,12,4,State3,1.2960074024272834,100.01065182348945,1010.7081261231002
14,9,4,State2,1.2537340704280044,97.36826755405734,1194.3219126502775
26,1,4,State3,0.715500758867551,125.07374426116597,1173.283517090911
45,5,1,State4,0.8360070589901087,126.39545788501466,846.1330831817402
27,20,1,State1,0.9656825417622795,97.83410772320543,993.9291756272702
9,8,3,State2,1.2733810477822498,94.81125549100008,1158.8192749918887
26,11,4,State4,1.4149658650779686,77.39690021795249,1207.1473014859012
47,12,5,State4,0.6891391000229846,99.93611519141184,867.7686630691694
22,1,2,State4,1.4223674846701029,129.29954883618987,1141.632890960048
47,20,3,State3,1.195624652354058,98.06896990708115,1066.22930183754
30,11,1,State1,1.1107707306850387,110.93138924715669,786.8021772922142
43,5,3,State4,0.6998412712819395,79.03754014121104,1160.031592517147
48,15,3,State1,0.5555250328091506,93.47837605399597,1030.3086416864937
17,5,3,State3,1.06846489850794,106.93697958703976,651.7218787346948
26,12,3,State4,1.1515156833288924,101.58793597072079,941.2292878577261
36,5,2,State3,0.7107814493546882,112.37001001615843,1007.9715083169945
1,17,4,State3,1.0564562058254565,90.95992173162004,878.8351042364812
8,17,5,State1,1.3564934027625735,73.75017176764501,1245.645685099705
49,12,3,State4,1.33506594545502,116.83135345483406,1252.893698135621
35,15,3,State3,1.4273551805862972,85.95776066093637,923.501968217431
15,15,3,State4,0.8658858095568804,107.59906041252975,901.5548957292516
47,6,4,State1,0.8180495725509187,106.76285299732623,973.7530653261358
22,12,1,State3,1.2494260059808087,75.04370207452013,959.9838868386638
14,20,1,State1,0.931112405097005,115.73688125860038,881.4996212396154
26,18,2,State4,0.5875486640277806,91.50149208206547,258.2406781353417
28,14,1,State4,0.7828011306704997,100.82581932980442,1350.9623751199229
23,2,3,State1,0.9185822855314891,94.62726154051666,1000.0835927556285
14,9,3,State2,0.792516425476252,124.33887253349363,964.3379776141848
24,5,3,State3,0.8322055709473216,120.15235312276094,1065.0338260103902
2,20,2,State4,0.7937759061743908,72.81498124343916,983.988450293182
45,1,3,State4,0.5414991671830794,133.88240682862283,913.9368310709101
26,3,1,State3,1.1370947008244425,89.82539901227206,798.8708027216101
14,6,4,State1,1.0972924203534693,131.53655015472756,632.2774447008608
7,5,4,State1,1.1533834984786806,96.15685641790023,729.1242140091213
3,5,5,State1,0.6923098960336275,94.88624940862097,776.6651866579706
47,1,1,State2,0.7956545416124853,96.29008400383266,1130.1844316081938
23,17,3,State2,1.1196159269449222,93.98815532530764,1144.9246293528788
46,19,4,State4,1.0996275684599213,137.8659480673483,823.6401791066457
43,14,1,State1,1.0063303093542677,98.85455201019049,467.2691719125211
47,12,4,State3,0.8504132500101974,95.46555351191965,1001.8241439003752
45,10,3,State4,1.41293100477469,101.15516136239417,915.6915568681363
18,20,4,State3,0.8397702422988438,85.48997204612942,910.7475026599737
38,18,5,State4,0.9556191564372516,123.95680801435375,1191.187495152873
35,11,5,State2,1.1781138309542087,77.93378746460303,1027.7305250945706
15,2,4,State4,1.043021430866764,90.78987089392892,804.7240702959841
25,18,1,State2,0.8468859763643856,114.04990464770188,758.7173932081901
37,7,1,State4,0.9356447904565098,100.63528196151148,947.4777286030087
28,15,1,State1,1.294480817853506,108.2382277375007,818.7174475620716
10,11,4,State3,0.7781291554866124,122.99746175028145,985.5204751944765
39,18,1,State1,0.6422552397768154,115.0570232249872,1205.228408880393
17,12,3,State4,0.8131632018297771,102.06214517711717,724.04351768011
39,6,5,State4,1.3495342154879013,131.340139747777,1017.5558869617937
22,20,3,State4,0.5889897148563467,90.5749577680565,1183.009996533878
26,13,1,State2,1.4916960733724518,98.49535538511171,982.7625328363782
44,20,3,State3,1.0410028989276625,99.5433950274585,1144.3161790235306
25,16,1,State3,1.4848457439670941,98.4636735097453,942.5455015769076
17,18,4,State4,1.4389964220859777,83.9618401455826,1034.1656158847275
13,10,3,State4,0.9528137142109168,76.24525262259253,1088.1569864684352
20,8,4,State2,0.6984910746053491,106.2580236156879,885.5995123473731
25,18,4,State1,0.6648847765651384,90.49789321674014,1398.1352034379997
4,1,2,State1,0.7399893638699575,128.6171318347192,1115.5160360663845
10,8,1,State3,1.2101326405645372,98.9118651514714,1260.5970997433842
3,6,5,State2,0.7729499947314878,96.22766113762765,1214.2047892721537
41,5,1,State4,0.8414252696042983,116.41509679603982,1065.4578538566823
45,15,5,State3,0.9487788039946148,106.03288956171582,1277.1578844719616
18,15,1,State2,1.4132326804214563,97.36723858319426,1037.5829422383836
47,2,4,State1,0.6893934178848461,90.38902378353335,854.0449433651274
36,1,3,State2,0.5050265526098031,154.8655270599861,1002.9638463125926
47,11,3,State1,0.5600964103781702,105.42678643392608,798.7666175169737
22,10,2,State2,1.404766341680118,116.26644366076594,579.6591343780395
34,18,5,State3,1.1475164648433631,84.65581719649757,829.4915513881949
47,18,5,State1,0.7730406193278068,91.33021920364487,1014.576306594175
8,17,5,State3,0.6771925010111911,131.68518832435433,1212.3849570976163
40,8,4,State3,0.7942667366371143,120.95396409033452,828.8961590847291
49,15,5,State1,0.6147969272512801,106.86433155599924,1202.032490705431
44,8,3,State1,1.4415329102844412,94.27643662304465,757.8634028386246
19,17,4,State4,1.2842061743652669,96.48946342065136,816.09550677211
42,12,1,State4,0.9623911769125407,89.85833897115806,1289.8313206792905
41,8,5,State4,1.364962605115202,82.64726004792038,1009.5242039924991
37,14,5,State3,0.7494582042932323,113.85766276391522,965.2756109430713
6,4,1,State3,1.2171205684721935,108.08246834188088,1047.0559979815653
26,1,5,State4,1.3561324990137433,111.0411822451341,758.7193498563909
34,1,1,State3,0.8567687116232726,94.94653018056604,933.8303742852355
45,19,4,State3,1.2574644454507178,103.83458462699745,1000.5322316253103
6,16,3,State1,0.7950723492643094,93.51934352538798,1246.2761872358865
37,14,1,State1,0.7988571352590308,89.09037905844541,665.9165721397198
